{
	"BUILD_DIR" : "/home/charlie/Documents/LearnQt/99 - Misc/QtSerial/3 - TwoWayClass/C++/build-TwoWayClass-Desktop_Qt_6_5_0_GCC_64bit-Debug/TwoWayClass_autogen",
	"CMAKE_BINARY_DIR" : "/home/charlie/Documents/LearnQt/99 - Misc/QtSerial/3 - TwoWayClass/C++/build-TwoWayClass-Desktop_Qt_6_5_0_GCC_64bit-Debug",
	"CMAKE_CURRENT_BINARY_DIR" : "/home/charlie/Documents/LearnQt/99 - Misc/QtSerial/3 - TwoWayClass/C++/build-TwoWayClass-Desktop_Qt_6_5_0_GCC_64bit-Debug",
	"CMAKE_CURRENT_SOURCE_DIR" : "/home/charlie/Documents/LearnQt/99 - Misc/QtSerial/3 - TwoWayClass/C++/TwoWayClass",
	"CMAKE_EXECUTABLE" : "/usr/bin/cmake",
	"CMAKE_LIST_FILES" : 
	[
		"/home/charlie/Documents/LearnQt/99 - Misc/QtSerial/3 - TwoWayClass/C++/TwoWayClass/CMakeLists.txt",
		"/home/charlie/Documents/LearnQt/99 - Misc/QtSerial/3 - TwoWayClass/C++/build-TwoWayClass-Desktop_Qt_6_5_0_GCC_64bit-Debug/.qtc/package-manager/auto-setup.cmake",
		"/usr/share/cmake-3.22/Modules/CMakeDetermineSystem.cmake",
		"/usr/share/cmake-3.22/Modules/CMakeSystem.cmake.in",
		"/home/charlie/Documents/LearnQt/99 - Misc/QtSerial/3 - TwoWayClass/C++/build-TwoWayClass-Desktop_Qt_6_5_0_GCC_64bit-Debug/CMakeFiles/3.22.1/CMakeSystem.cmake",
		"/usr/share/cmake-3.22/Modules/CMakeNinjaFindMake.cmake",
		"/usr/share/cmake-3.22/Modules/CMakeSystemSpecificInitialize.cmake",
		"/usr/share/cmake-3.22/Modules/CMakeDetermineCXXCompiler.cmake",
		"/usr/share/cmake-3.22/Modules/CMakeDetermineCompiler.cmake",
		"/usr/share/cmake-3.22/Modules/Platform/Linux-Determine-CXX.cmake",
		"/usr/share/cmake-3.22/Modules/CMakeDetermineCompilerId.cmake",
		"/usr/share/cmake-3.22/Modules/CMakeCompilerIdDetection.cmake",
		"/usr/share/cmake-3.22/Modules/Compiler/ADSP-DetermineCompiler.cmake",
		"/usr/share/cmake-3.22/Modules/Compiler/ARMCC-DetermineCompiler.cmake",
		"/usr/share/cmake-3.22/Modules/Compiler/ARMClang-DetermineCompiler.cmake",
		"/usr/share/cmake-3.22/Modules/Compiler/AppleClang-DetermineCompiler.cmake",
		"/usr/share/cmake-3.22/Modules/Compiler/Clang-DetermineCompilerInternal.cmake",
		"/usr/share/cmake-3.22/Modules/Compiler/Borland-DetermineCompiler.cmake",
		"/usr/share/cmake-3.22/Modules/Compiler/Clang-DetermineCompiler.cmake",
		"/usr/share/cmake-3.22/Modules/Compiler/Clang-DetermineCompilerInternal.cmake",
		"/usr/share/cmake-3.22/Modules/Compiler/Comeau-CXX-DetermineCompiler.cmake",
		"/usr/share/cmake-3.22/Modules/Compiler/Compaq-CXX-DetermineCompiler.cmake",
		"/usr/share/cmake-3.22/Modules/Compiler/Cray-DetermineCompiler.cmake",
		"/usr/share/cmake-3.22/Modules/Compiler/Embarcadero-DetermineCompiler.cmake",
		"/usr/share/cmake-3.22/Modules/Compiler/Fujitsu-DetermineCompiler.cmake",
		"/usr/share/cmake-3.22/Modules/Compiler/FujitsuClang-DetermineCompiler.cmake",
		"/usr/share/cmake-3.22/Modules/Compiler/GHS-DetermineCompiler.cmake",
		"/usr/share/cmake-3.22/Modules/Compiler/GNU-CXX-DetermineCompiler.cmake",
		"/usr/share/cmake-3.22/Modules/Compiler/HP-CXX-DetermineCompiler.cmake",
		"/usr/share/cmake-3.22/Modules/Compiler/IAR-DetermineCompiler.cmake",
		"/usr/share/cmake-3.22/Modules/Compiler/Intel-DetermineCompiler.cmake",
		"/usr/share/cmake-3.22/Modules/Compiler/IntelLLVM-DetermineCompiler.cmake",
		"/usr/share/cmake-3.22/Modules/Compiler/MSVC-DetermineCompiler.cmake",
		"/usr/share/cmake-3.22/Modules/Compiler/NVHPC-DetermineCompiler.cmake",
		"/usr/share/cmake-3.22/Modules/Compiler/NVIDIA-DetermineCompiler.cmake",
		"/usr/share/cmake-3.22/Modules/Compiler/OpenWatcom-DetermineCompiler.cmake",
		"/usr/share/cmake-3.22/Modules/Compiler/PGI-DetermineCompiler.cmake",
		"/usr/share/cmake-3.22/Modules/Compiler/PathScale-DetermineCompiler.cmake",
		"/usr/share/cmake-3.22/Modules/Compiler/SCO-DetermineCompiler.cmake",
		"/usr/share/cmake-3.22/Modules/Compiler/SunPro-CXX-DetermineCompiler.cmake",
		"/usr/share/cmake-3.22/Modules/Compiler/TI-DetermineCompiler.cmake",
		"/usr/share/cmake-3.22/Modules/Compiler/VisualAge-CXX-DetermineCompiler.cmake",
		"/usr/share/cmake-3.22/Modules/Compiler/IBMCPP-CXX-DetermineVersionInternal.cmake",
		"/usr/share/cmake-3.22/Modules/Compiler/Watcom-DetermineCompiler.cmake",
		"/usr/share/cmake-3.22/Modules/Compiler/XL-CXX-DetermineCompiler.cmake",
		"/usr/share/cmake-3.22/Modules/Compiler/IBMCPP-CXX-DetermineVersionInternal.cmake",
		"/usr/share/cmake-3.22/Modules/Compiler/XLClang-CXX-DetermineCompiler.cmake",
		"/usr/share/cmake-3.22/Modules/Compiler/zOS-CXX-DetermineCompiler.cmake",
		"/usr/share/cmake-3.22/Modules/Compiler/IBMCPP-CXX-DetermineVersionInternal.cmake",
		"/usr/share/cmake-3.22/Modules/CMakeFindBinUtils.cmake",
		"/usr/share/cmake-3.22/Modules/Compiler/GNU-FindBinUtils.cmake",
		"/usr/share/cmake-3.22/Modules/CMakeCXXCompiler.cmake.in",
		"/home/charlie/Documents/LearnQt/99 - Misc/QtSerial/3 - TwoWayClass/C++/build-TwoWayClass-Desktop_Qt_6_5_0_GCC_64bit-Debug/CMakeFiles/3.22.1/CMakeCXXCompiler.cmake",
		"/usr/share/cmake-3.22/Modules/CMakeSystemSpecificInformation.cmake",
		"/usr/share/cmake-3.22/Modules/CMakeGenericSystem.cmake",
		"/usr/share/cmake-3.22/Modules/CMakeInitializeConfigs.cmake",
		"/usr/share/cmake-3.22/Modules/Platform/Linux.cmake",
		"/usr/share/cmake-3.22/Modules/Platform/UnixPaths.cmake",
		"/usr/share/cmake-3.22/Modules/CMakeCXXInformation.cmake",
		"/usr/share/cmake-3.22/Modules/CMakeLanguageInformation.cmake",
		"/usr/share/cmake-3.22/Modules/Compiler/GNU-CXX.cmake",
		"/usr/share/cmake-3.22/Modules/Compiler/GNU.cmake",
		"/usr/share/cmake-3.22/Modules/Compiler/CMakeCommonCompilerMacros.cmake",
		"/usr/share/cmake-3.22/Modules/Platform/Linux-GNU-CXX.cmake",
		"/usr/share/cmake-3.22/Modules/Platform/Linux-GNU.cmake",
		"/usr/share/cmake-3.22/Modules/CMakeCommonLanguageInclude.cmake",
		"/usr/share/cmake-3.22/Modules/CMakeTestCXXCompiler.cmake",
		"/usr/share/cmake-3.22/Modules/CMakeTestCompilerCommon.cmake",
		"/usr/share/cmake-3.22/Modules/CMakeDetermineCompilerABI.cmake",
		"/usr/share/cmake-3.22/Modules/CMakeParseImplicitIncludeInfo.cmake",
		"/usr/share/cmake-3.22/Modules/CMakeParseImplicitLinkInfo.cmake",
		"/usr/share/cmake-3.22/Modules/CMakeParseLibraryArchitecture.cmake",
		"/usr/share/cmake-3.22/Modules/CMakeTestCompilerCommon.cmake",
		"/usr/share/cmake-3.22/Modules/CMakeCXXCompilerABI.cpp",
		"/usr/share/cmake-3.22/Modules/CMakeDetermineCompileFeatures.cmake",
		"/usr/share/cmake-3.22/Modules/Internal/FeatureTesting.cmake",
		"/usr/share/cmake-3.22/Modules/CMakeCXXCompiler.cmake.in",
		"/home/charlie/Documents/LearnQt/99 - Misc/QtSerial/3 - TwoWayClass/C++/build-TwoWayClass-Desktop_Qt_6_5_0_GCC_64bit-Debug/CMakeFiles/3.22.1/CMakeCXXCompiler.cmake",
		"/home/charlie/Qt/6.5.0/gcc_64/lib/cmake/Qt6/Qt6ConfigVersion.cmake",
		"/home/charlie/Qt/6.5.0/gcc_64/lib/cmake/Qt6/Qt6ConfigVersionImpl.cmake",
		"/home/charlie/Qt/6.5.0/gcc_64/lib/cmake/Qt6/Qt6Config.cmake",
		"/home/charlie/Qt/6.5.0/gcc_64/lib/cmake/Qt6/Qt6ConfigExtras.cmake",
		"/home/charlie/Qt/6.5.0/gcc_64/lib/cmake/Qt6/QtPublicCMakeVersionHelpers.cmake",
		"/home/charlie/Qt/6.5.0/gcc_64/lib/cmake/Qt6/Qt6Targets.cmake",
		"/home/charlie/Qt/6.5.0/gcc_64/lib/cmake/Qt6/Qt6VersionlessTargets.cmake",
		"/home/charlie/Qt/6.5.0/gcc_64/lib/cmake/Qt6/QtFeature.cmake",
		"/home/charlie/Qt/6.5.0/gcc_64/lib/cmake/Qt6/QtFeatureCommon.cmake",
		"/usr/share/cmake-3.22/Modules/CheckCXXCompilerFlag.cmake",
		"/usr/share/cmake-3.22/Modules/CheckCXXSourceCompiles.cmake",
		"/usr/share/cmake-3.22/Modules/Internal/CheckSourceCompiles.cmake",
		"/usr/share/cmake-3.22/Modules/Internal/CheckCompilerFlag.cmake",
		"/usr/share/cmake-3.22/Modules/Internal/CheckSourceCompiles.cmake",
		"/usr/share/cmake-3.22/Modules/CMakeCheckCompilerFlagCommonPatterns.cmake",
		"/home/charlie/Qt/6.5.0/gcc_64/lib/cmake/Qt6/QtPublicAppleHelpers.cmake",
		"/home/charlie/Qt/6.5.0/gcc_64/lib/cmake/Qt6/QtPublicFinalizerHelpers.cmake",
		"/home/charlie/Qt/6.5.0/gcc_64/lib/cmake/Qt6/QtPublicPluginHelpers.cmake",
		"/home/charlie/Qt/6.5.0/gcc_64/lib/cmake/Qt6/QtPublicTargetHelpers.cmake",
		"/home/charlie/Qt/6.5.0/gcc_64/lib/cmake/Qt6/QtPublicWalkLibsHelpers.cmake",
		"/home/charlie/Qt/6.5.0/gcc_64/lib/cmake/Qt6/QtPublicFindPackageHelpers.cmake",
		"/home/charlie/Qt/6.5.0/gcc_64/lib/cmake/Qt6/QtPublicDependencyHelpers.cmake",
		"/home/charlie/Qt/6.5.0/gcc_64/lib/cmake/Qt6/QtPublicTestHelpers.cmake",
		"/home/charlie/Qt/6.5.0/gcc_64/lib/cmake/Qt6/QtPublicToolHelpers.cmake",
		"/home/charlie/Qt/6.5.0/gcc_64/lib/cmake/Qt6/QtPublicCMakeHelpers.cmake",
		"/usr/share/cmake-3.22/Modules/CMakeFindDependencyMacro.cmake",
		"/home/charlie/Qt/6.5.0/gcc_64/lib/cmake/Qt6/Qt6Dependencies.cmake",
		"/usr/share/cmake-3.22/Modules/FindThreads.cmake",
		"/usr/share/cmake-3.22/Modules/CheckLibraryExists.cmake",
		"/usr/share/cmake-3.22/Modules/CheckIncludeFileCXX.cmake",
		"/usr/share/cmake-3.22/Modules/CheckCXXSourceCompiles.cmake",
		"/usr/share/cmake-3.22/Modules/CheckIncludeFile.cxx.in",
		"/usr/share/cmake-3.22/Modules/FindPackageHandleStandardArgs.cmake",
		"/usr/share/cmake-3.22/Modules/FindPackageMessage.cmake",
		"/home/charlie/Qt/6.5.0/gcc_64/lib/cmake/Qt6Core/Qt6CoreConfigVersion.cmake",
		"/home/charlie/Qt/6.5.0/gcc_64/lib/cmake/Qt6Core/Qt6CoreConfigVersionImpl.cmake",
		"/home/charlie/Qt/6.5.0/gcc_64/lib/cmake/Qt6Core/Qt6CoreConfig.cmake",
		"/usr/share/cmake-3.22/Modules/CMakeFindDependencyMacro.cmake",
		"/home/charlie/Qt/6.5.0/gcc_64/lib/cmake/Qt6Core/Qt6CoreDependencies.cmake",
		"/home/charlie/Qt/6.5.0/gcc_64/lib/cmake/Qt6/FindWrapAtomic.cmake",
		"/usr/share/cmake-3.22/Modules/CheckCXXSourceCompiles.cmake",
		"/usr/share/cmake-3.22/Modules/FindPackageHandleStandardArgs.cmake",
		"/usr/share/cmake-3.22/Modules/FindPackageMessage.cmake",
		"/home/charlie/Qt/6.5.0/gcc_64/lib/cmake/Qt6CoreTools/Qt6CoreToolsConfigVersion.cmake",
		"/home/charlie/Qt/6.5.0/gcc_64/lib/cmake/Qt6CoreTools/Qt6CoreToolsConfigVersionImpl.cmake",
		"/home/charlie/Qt/6.5.0/gcc_64/lib/cmake/Qt6CoreTools/Qt6CoreToolsConfig.cmake",
		"/usr/share/cmake-3.22/Modules/CMakeFindDependencyMacro.cmake",
		"/home/charlie/Qt/6.5.0/gcc_64/lib/cmake/Qt6CoreTools/Qt6CoreToolsDependencies.cmake",
		"/home/charlie/Qt/6.5.0/gcc_64/lib/cmake/Qt6CoreTools/Qt6CoreToolsTargets.cmake",
		"/home/charlie/Qt/6.5.0/gcc_64/lib/cmake/Qt6CoreTools/Qt6CoreToolsTargets-relwithdebinfo.cmake",
		"/home/charlie/Qt/6.5.0/gcc_64/lib/cmake/Qt6CoreTools/Qt6CoreToolsAdditionalTargetInfo.cmake",
		"/home/charlie/Qt/6.5.0/gcc_64/lib/cmake/Qt6CoreTools/Qt6CoreToolsVersionlessTargets.cmake",
		"/home/charlie/Qt/6.5.0/gcc_64/lib/cmake/Qt6Core/Qt6CoreTargets.cmake",
		"/home/charlie/Qt/6.5.0/gcc_64/lib/cmake/Qt6Core/Qt6CoreTargets-relwithdebinfo.cmake",
		"/home/charlie/Qt/6.5.0/gcc_64/lib/cmake/Qt6Core/Qt6CoreAdditionalTargetInfo.cmake",
		"/home/charlie/Qt/6.5.0/gcc_64/lib/cmake/Qt6Core/Qt6CoreVersionlessTargets.cmake",
		"/home/charlie/Qt/6.5.0/gcc_64/lib/cmake/Qt6Core/Qt6CoreMacros.cmake",
		"/home/charlie/Qt/6.5.0/gcc_64/lib/cmake/Qt6Core/Qt6CoreConfigExtras.cmake",
		"/home/charlie/Qt/6.5.0/gcc_64/lib/cmake/Qt6Core/QtInstallPaths.cmake",
		"/usr/share/cmake-3.22/Modules/GNUInstallDirs.cmake",
		"/home/charlie/Qt/6.5.0/gcc_64/lib/cmake/Qt6SerialPort/Qt6SerialPortConfigVersion.cmake",
		"/home/charlie/Qt/6.5.0/gcc_64/lib/cmake/Qt6SerialPort/Qt6SerialPortConfigVersionImpl.cmake",
		"/home/charlie/Qt/6.5.0/gcc_64/lib/cmake/Qt6SerialPort/Qt6SerialPortConfig.cmake",
		"/usr/share/cmake-3.22/Modules/CMakeFindDependencyMacro.cmake",
		"/home/charlie/Qt/6.5.0/gcc_64/lib/cmake/Qt6SerialPort/Qt6SerialPortDependencies.cmake",
		"/home/charlie/Qt/6.5.0/gcc_64/lib/cmake/Qt6SerialPort/Qt6SerialPortTargets.cmake",
		"/home/charlie/Qt/6.5.0/gcc_64/lib/cmake/Qt6SerialPort/Qt6SerialPortTargets-relwithdebinfo.cmake",
		"/home/charlie/Qt/6.5.0/gcc_64/lib/cmake/Qt6SerialPort/Qt6SerialPortAdditionalTargetInfo.cmake",
		"/home/charlie/Qt/6.5.0/gcc_64/lib/cmake/Qt6SerialPort/Qt6SerialPortVersionlessTargets.cmake"
	],
	"CMAKE_SOURCE_DIR" : "/home/charlie/Documents/LearnQt/99 - Misc/QtSerial/3 - TwoWayClass/C++/TwoWayClass",
	"DEP_FILE" : "/home/charlie/Documents/LearnQt/99 - Misc/QtSerial/3 - TwoWayClass/C++/build-TwoWayClass-Desktop_Qt_6_5_0_GCC_64bit-Debug/TwoWayClass_autogen/deps",
	"DEP_FILE_RULE_NAME" : "TwoWayClass_autogen/timestamp",
	"HEADERS" : 
	[
		[
			"/home/charlie/Documents/LearnQt/99 - Misc/QtSerial/3 - TwoWayClass/C++/TwoWayClass/driver.h",
			"MU",
			"EWIEGA46WW/moc_driver.cpp",
			null
		]
	],
	"HEADER_EXTENSIONS" : [ "h", "hh", "h++", "hm", "hpp", "hxx", "in", "txx" ],
	"INCLUDE_DIR" : "/home/charlie/Documents/LearnQt/99 - Misc/QtSerial/3 - TwoWayClass/C++/build-TwoWayClass-Desktop_Qt_6_5_0_GCC_64bit-Debug/TwoWayClass_autogen/include",
	"MOC_COMPILATION_FILE" : "/home/charlie/Documents/LearnQt/99 - Misc/QtSerial/3 - TwoWayClass/C++/build-TwoWayClass-Desktop_Qt_6_5_0_GCC_64bit-Debug/TwoWayClass_autogen/mocs_compilation.cpp",
	"MOC_DEFINITIONS" : [ "QT_CORE_LIB", "QT_SERIALPORT_LIB" ],
	"MOC_DEPEND_FILTERS" : 
	[
		[
			"Q_PLUGIN_METADATA",
			"[\n][ \t]*Q_PLUGIN_METADATA[ \t]*\\([^\\)]*FILE[ \t]*\"([^\"]+)\""
		]
	],
	"MOC_INCLUDES" : 
	[
		"/home/charlie/Qt/6.5.0/gcc_64/include/QtCore",
		"/home/charlie/Qt/6.5.0/gcc_64/include",
		"/home/charlie/Qt/6.5.0/gcc_64/mkspecs/linux-g++",
		"/home/charlie/Qt/6.5.0/gcc_64/include/QtSerialPort",
		"/usr/include/c++/11",
		"/usr/include/x86_64-linux-gnu/c++/11",
		"/usr/include/c++/11/backward",
		"/usr/lib/gcc/x86_64-linux-gnu/11/include",
		"/usr/local/include",
		"/usr/include/x86_64-linux-gnu",
		"/usr/include"
	],
	"MOC_MACRO_NAMES" : 
	[
		"Q_OBJECT",
		"Q_GADGET",
		"Q_NAMESPACE",
		"Q_NAMESPACE_EXPORT",
		"Q_GADGET_EXPORT"
	],
	"MOC_OPTIONS" : [],
	"MOC_PATH_PREFIX" : false,
	"MOC_PREDEFS_CMD" : 
	[
		"/usr/bin/g++",
		"-dM",
		"-E",
		"-c",
		"/usr/share/cmake-3.22/Modules/CMakeCXXCompilerABI.cpp"
	],
	"MOC_PREDEFS_FILE" : "/home/charlie/Documents/LearnQt/99 - Misc/QtSerial/3 - TwoWayClass/C++/build-TwoWayClass-Desktop_Qt_6_5_0_GCC_64bit-Debug/TwoWayClass_autogen/moc_predefs.h",
	"MOC_RELAXED_MODE" : false,
	"MOC_SKIP" : [],
	"MULTI_CONFIG" : false,
	"PARALLEL" : 12,
	"PARSE_CACHE_FILE" : "/home/charlie/Documents/LearnQt/99 - Misc/QtSerial/3 - TwoWayClass/C++/build-TwoWayClass-Desktop_Qt_6_5_0_GCC_64bit-Debug/CMakeFiles/TwoWayClass_autogen.dir/ParseCache.txt",
	"QT_MOC_EXECUTABLE" : "/home/charlie/Qt/6.5.0/gcc_64/./libexec/moc",
	"QT_UIC_EXECUTABLE" : "",
	"QT_VERSION_MAJOR" : 6,
	"QT_VERSION_MINOR" : 5,
	"SETTINGS_FILE" : "/home/charlie/Documents/LearnQt/99 - Misc/QtSerial/3 - TwoWayClass/C++/build-TwoWayClass-Desktop_Qt_6_5_0_GCC_64bit-Debug/CMakeFiles/TwoWayClass_autogen.dir/AutogenUsed.txt",
	"SOURCES" : 
	[
		[
			"/home/charlie/Documents/LearnQt/99 - Misc/QtSerial/3 - TwoWayClass/C++/TwoWayClass/driver.cpp",
			"MU",
			null
		],
		[
			"/home/charlie/Documents/LearnQt/99 - Misc/QtSerial/3 - TwoWayClass/C++/TwoWayClass/main.cpp",
			"MU",
			null
		]
	],
	"UIC_OPTIONS" : [],
	"UIC_SEARCH_PATHS" : [],
	"UIC_SKIP" : [],
	"UIC_UI_FILES" : [],
	"VERBOSITY" : 0
}
